{
  "version": 1,
  "author": "Hammadi adem",
  "editor": "wokwi",
  "parts": [
    {
      "type": "wokwi-arduino-uno",
      "id": "uno",
      "top": 0.6,
      "left": -0.6,
      "rotate": 90,
      "attrs": {}
    },
    {
      "type": "wokwi-led",
      "id": "led1",
      "top": -51.6,
      "left": 291.8,
      "attrs": { "color": "limegreen" }
    }
  ],
  "connections": [
    [ "led1:C", "uno:GND.1", "black", [ "v86.4", "h-76.4" ] ],
    [ "led1:A", "uno:13", "red", [ "v0" ] ]
  ],
  "dependencies": {}
}