{
  "version": 1,
  "author": "Uri Shaked",
  "editor": "wokwi",
  "parts": [
    {
      "type": "board-esp32-devkit-c-v4",
      "id": "esp",
      "top": 96,
      "left": -158.36,
      "attrs": { "fastTLS": "1" }
    },
    {
      "type": "wokwi-ili9341",
      "id": "lcd1",
      "top": 244.9,
      "left": 68.4,
      "rotate": 90,
      "attrs": {}
    }
  ],
  "connections": [
    [ "esp:TX", "$serialMonitor:RX", "", [] ],
    [ "esp:RX", "$serialMonitor:TX", "", [] ],
    [ "lcd1:GND", "esp:VP", "black", [ "v-115.7", "h-192.65" ] ],
    [ "lcd1:CS", "esp:GND.2", "green", [ "h0" ] ],
    [ "lcd1:MOSI", "esp:19", "green", [ "h-105.6", "v-0.01" ] ],
    [ "lcd1:MISO", "esp:17", "green", [ "h0" ] ],
    [ "lcd1:LED", "esp:12", "green", [ "h0" ] ],
    [ "lcd1:RST", "esp:34", "green", [ "h0" ] ]
  ],
  "dependencies": {}
}